,Trade,StartTime,EndTime,ElapseTime
0,20200923045129,23-09-2020 05:15:26.471000,23-09-2020 05:16:15.132000,48661.0
1,20200923045130,23-09-2020 05:15:26.556000,23-09-2020 05:16:14.823000,48267.0
2,20200923045131,23-09-2020 05:15:26.562000,23-09-2020 05:16:15.701000,49139.0
3,20200923045132,23-09-2020 05:15:26.567000,23-09-2020 05:16:16.208000,49641.0
4,20200923045133,23-09-2020 05:15:26.575000,23-09-2020 05:16:19.595000,53020.0
5,20200923045134,23-09-2020 05:15:26.652000,23-09-2020 05:16:17.707000,51055.0
6,20200923045135,23-09-2020 05:15:26.660000,23-09-2020 05:16:16.600000,49940.0
7,20200923045137,23-09-2020 05:15:26.667000,23-09-2020 05:16:10.732000,44065.0
8,20200923045138,23-09-2020 05:15:26.675000,23-09-2020 05:16:22.112000,55437.0
9,20200923045139,23-09-2020 05:15:26.748000,23-09-2020 05:16:10.807000,44059.0
10,20200923045140,23-09-2020 05:15:26.754000,23-09-2020 05:16:15.706000,48952.0
11,20200923045141,23-09-2020 05:15:26.763000,23-09-2020 05:16:11.211000,44448.0
12,20200923045142,23-09-2020 05:15:26.772000,23-09-2020 05:16:19.317000,52545.0
13,20200923045143,23-09-2020 05:15:26.849000,23-09-2020 05:16:18.494000,51645.0
14,20200923045144,23-09-2020 05:15:26.862000,23-09-2020 05:16:24.622000,57760.0
15,20200923045145,23-09-2020 05:15:26.879000,23-09-2020 05:16:17.194000,50315.0
16,20200923045146,23-09-2020 05:15:26.948000,23-09-2020 05:16:20.918000,53970.0
17,20200923045147,23-09-2020 05:15:26.954000,23-09-2020 05:16:11.618000,44664.0
18,20200923045148,23-09-2020 05:15:26.964000,23-09-2020 05:16:11.898000,44934.0
19,20200923045149,23-09-2020 05:15:26.973000,23-09-2020 05:16:27.098000,60125.0
20,20200923045150,23-09-2020 05:15:27.048000,23-09-2020 05:16:21.317000,54269.0
21,20200923045151,23-09-2020 05:15:27.053000,23-09-2020 05:16:22.610000,55557.0
22,20200923045152,23-09-2020 05:15:27.058000,23-09-2020 05:16:12.423000,45365.0
23,20200923045153,23-09-2020 05:15:27.063000,23-09-2020 05:16:18.829000,51766.0
24,20200923045154,23-09-2020 05:15:27.068000,23-09-2020 05:16:12.501000,45433.0
25,20200923045156,23-09-2020 05:15:27.072000,23-09-2020 05:16:23.895000,56823.0
26,20200923045157,23-09-2020 05:15:27.150000,23-09-2020 05:16:20.452000,53302.0
27,20200923045158,23-09-2020 05:15:27.156000,23-09-2020 05:16:13.225000,46069.0
28,20200923045159,23-09-2020 05:15:27.161000,23-09-2020 05:16:26.308000,59147.0
29,20200923045200,23-09-2020 05:15:27.166000,23-09-2020 05:16:13.013000,45847.0
30,20200923045201,23-09-2020 05:15:27.171000,23-09-2020 05:16:29.625000,62454.0
31,20200923045202,23-09-2020 05:15:27.177000,23-09-2020 05:16:14.118000,46941.0
32,20200923045203,23-09-2020 05:15:27.252000,23-09-2020 05:16:24.122000,56870.0
33,20200923045204,23-09-2020 05:15:27.257000,23-09-2020 05:16:13.520000,46263.0
34,20200923045205,23-09-2020 05:15:27.262000,23-09-2020 05:16:31.904000,64641.99999999999
35,20200923045206,23-09-2020 05:15:27.267000,23-09-2020 05:16:25.712000,58445.0
36,20200923045207,23-09-2020 05:15:27.272000,23-09-2020 05:16:21.918000,54646.0
37,20200923045208,23-09-2020 05:15:27.352000,23-09-2020 05:16:34.841000,67489.0
38,20200923045209,23-09-2020 05:15:27.357000,23-09-2020 05:16:27.650000,60293.0
39,20200923045210,23-09-2020 05:15:27.364000,23-09-2020 05:16:37.412000,70048.0
40,20200923045212,23-09-2020 05:15:27.375000,23-09-2020 05:16:29.415000,62040.0
41,20200923045213,23-09-2020 05:15:27.448000,23-09-2020 05:16:14.210000,46762.0
42,20200923045214,23-09-2020 05:15:27.456000,23-09-2020 05:16:28.812000,61356.0
43,20200923045215,23-09-2020 05:15:27.460000,23-09-2020 05:16:39.799000,72339.0
44,20200923045216,23-09-2020 05:15:27.465000,23-09-2020 05:16:31.103000,63638.0
45,20200923045217,23-09-2020 05:15:27.470000,23-09-2020 05:16:17.498000,50028.0
46,20200923045218,23-09-2020 05:15:27.477000,23-09-2020 05:16:23.613000,56136.0
47,20200923045219,23-09-2020 05:15:27.548000,23-09-2020 05:16:31.203000,63655.0
48,20200923045220,23-09-2020 05:15:27.552000,23-09-2020 05:16:32.906000,65354.0
49,20200923045221,23-09-2020 05:15:27.557000,23-09-2020 05:16:16.624000,49067.0
50,20200923045222,23-09-2020 05:15:27.561000,23-09-2020 05:16:34.216000,66655.0
51,20200923045223,23-09-2020 05:15:27.567000,23-09-2020 05:16:20.424000,52857.0
52,20200923045224,23-09-2020 05:15:27.575000,23-09-2020 05:16:35.316000,67741.0
53,20200923045225,23-09-2020 05:15:27.651000,23-09-2020 05:16:18.214000,50563.0
54,20200923045226,23-09-2020 05:15:27.656000,23-09-2020 05:16:25.200000,57544.0
55,20200923045227,23-09-2020 05:15:27.660000,23-09-2020 05:16:35.929000,68269.0
56,20200923045228,23-09-2020 05:15:27.665000,23-09-2020 05:16:48.115000,80450.0
57,20200923045229,23-09-2020 05:15:27.669000,23-09-2020 05:16:23.102000,55433.0
58,20200923045231,23-09-2020 05:15:27.673000,23-09-2020 05:16:49.004000,81331.0
59,20200923045232,23-09-2020 05:15:27.677000,23-09-2020 05:16:19.904000,52227.0
60,20200923045233,23-09-2020 05:15:27.681000,23-09-2020 05:16:33.619000,65938.0
61,20200923045234,23-09-2020 05:15:27.685000,23-09-2020 05:16:25.505000,57820.0
62,20200923045235,23-09-2020 05:15:27.748000,23-09-2020 05:16:26.893000,59145.0
63,20200923045236,23-09-2020 05:15:27.753000,23-09-2020 05:16:39.116000,71363.0
64,20200923045237,23-09-2020 05:15:27.758000,23-09-2020 05:16:40.102000,72344.0
65,20200923045238,23-09-2020 05:15:27.762000,23-09-2020 05:16:21.492000,53730.0
66,20200923045239,23-09-2020 05:15:27.766000,23-09-2020 05:16:52.918000,85152.0
67,20200923045240,23-09-2020 05:15:27.771000,23-09-2020 05:16:36.634000,68863.0
68,20200923045241,23-09-2020 05:15:27.775000,23-09-2020 05:16:28.010000,60235.0
69,20200923045242,23-09-2020 05:15:27.780000,23-09-2020 05:16:23.117000,55337.0
70,20200923045243,23-09-2020 05:15:27.784000,23-09-2020 05:16:53.702000,85918.0
71,20200923045244,23-09-2020 05:15:27.789000,23-09-2020 05:16:28.802000,61013.0
72,20200923045245,23-09-2020 05:15:27.793000,23-09-2020 05:16:30.497000,62704.0
73,20200923045246,23-09-2020 05:15:27.803000,23-09-2020 05:16:24.608000,56805.0
74,20200923045247,23-09-2020 05:15:27.807000,23-09-2020 05:16:32.620000,64813.0
75,20200923045248,23-09-2020 05:15:27.812000,23-09-2020 05:16:39.021000,71209.0
76,20200923045249,23-09-2020 05:15:27.818000,23-09-2020 05:16:42.003000,74185.0
77,20200923045251,23-09-2020 05:15:27.848000,23-09-2020 05:16:30.515000,62667.0
78,20200923045252,23-09-2020 05:15:27.853000,23-09-2020 05:16:26.294000,58441.0
79,20200923045253,23-09-2020 05:15:27.861000,23-09-2020 05:16:41.402000,73541.0
80,20200923045254,23-09-2020 05:15:27.865000,23-09-2020 05:16:42.209000,74344.0
81,20200923045255,23-09-2020 05:15:27.869000,23-09-2020 05:16:42.418000,74549.0
82,20200923045256,23-09-2020 05:15:27.873000,23-09-2020 05:16:58.397000,90524.0
83,20200923045257,23-09-2020 05:15:27.877000,23-09-2020 05:16:35.718000,67841.0
84,20200923045258,23-09-2020 05:15:27.881000,23-09-2020 05:16:28.299000,60418.0
85,20200923045259,23-09-2020 05:15:27.886000,23-09-2020 05:16:43.994000,76108.0
86,20200923045300,23-09-2020 05:15:27.890000,23-09-2020 05:16:44.895000,77005.0
87,20200923045301,23-09-2020 05:15:27.894000,23-09-2020 05:16:38.134000,70240.0
88,20200923045302,23-09-2020 05:15:27.898000,23-09-2020 05:16:45.418000,77520.0
89,20200923045303,23-09-2020 05:15:27.903000,23-09-2020 05:16:44.010000,76107.0
90,20200923045304,23-09-2020 05:15:27.911000,23-09-2020 05:16:46.405000,78494.0
91,20200923045305,23-09-2020 05:15:27.951000,23-09-2020 05:16:44.908000,76957.0
92,20200923045306,23-09-2020 05:15:27.957000,23-09-2020 05:16:47.315000,79358.0
93,20200923045307,23-09-2020 05:15:27.961000,23-09-2020 05:17:06.416000,98455.0
94,20200923045308,23-09-2020 05:15:27.966000,23-09-2020 05:16:30.004000,62038.0
95,20200923045309,23-09-2020 05:15:27.970000,23-09-2020 05:16:48.305000,80335.0
96,20200923045311,23-09-2020 05:15:27.974000,23-09-2020 05:16:46.596000,78622.0
97,20200923045312,23-09-2020 05:15:27.979000,23-09-2020 05:16:40.667000,72688.0
98,20200923045313,23-09-2020 05:15:27.983000,23-09-2020 05:17:09.112000,101129.0
99,20200923045314,23-09-2020 05:15:27.987000,23-09-2020 05:16:47.320000,79333.0
100,20200923045330,23-09-2020 05:15:29.775000,23-09-2020 05:17:10.006000,100231.0
101,20200923045330,23-09-2020 05:15:27.991000,23-09-2020 05:18:05.709000,157718.0
102,20200923045332,23-09-2020 05:15:29.779000,23-09-2020 05:17:10.747000,100968.0
103,20200923045332,23-09-2020 05:15:27.995000,23-09-2020 05:18:06.318000,158323.0
104,20200923045333,23-09-2020 05:15:29.782000,23-09-2020 05:17:12.419000,102637.0
105,20200923045333,23-09-2020 05:15:27.999000,23-09-2020 05:19:12.274000,224275.0
106,20200923045334,23-09-2020 05:15:29.786000,23-09-2020 05:18:59.297000,209511.0
107,20200923045334,23-09-2020 05:15:28.004000,23-09-2020 05:16:38.118000,70114.0
108,20200923045335,23-09-2020 05:15:29.789000,23-09-2020 05:16:32.116000,62327.0
109,20200923045335,23-09-2020 05:15:28.008000,23-09-2020 05:18:58.347000,210339.0
110,20200923045336,23-09-2020 05:15:29.807000,23-09-2020 05:16:49.796000,79989.0
111,20200923045336,23-09-2020 05:15:28.013000,23-09-2020 05:18:00.206000,152193.0
112,20200923045337,23-09-2020 05:15:29.829000,23-09-2020 05:17:59.694000,149865.0
113,20200923045337,23-09-2020 05:15:28.017000,23-09-2020 05:16:43.207000,75190.0
114,20200923045338,23-09-2020 05:15:29.833000,23-09-2020 05:19:01.225000,211392.0
115,20200923045338,23-09-2020 05:15:28.021000,23-09-2020 05:16:39.618000,71597.0
116,20200923045339,23-09-2020 05:15:29.838000,23-09-2020 05:19:13.177000,223339.0
117,20200923045339,23-09-2020 05:15:28.025000,23-09-2020 05:16:52.901000,84876.0
118,20200923045340,23-09-2020 05:15:29.845000,23-09-2020 05:16:34.822000,64977.00000000001
119,20200923045340,23-09-2020 05:15:28.029000,23-09-2020 05:19:02.062000,214033.0
120,20200923045341,23-09-2020 05:15:29.851000,23-09-2020 05:19:02.966000,213115.0
121,20200923045341,23-09-2020 05:15:28.033000,23-09-2020 05:16:45.725000,77692.0
122,20200923045342,23-09-2020 05:15:29.855000,23-09-2020 05:18:08.704000,158849.0
123,20200923045342,23-09-2020 05:15:28.037000,23-09-2020 05:16:53.316000,85279.0
124,20200923045343,23-09-2020 05:15:29.859000,23-09-2020 05:18:09.805000,159946.0
125,20200923045343,23-09-2020 05:15:28.048000,23-09-2020 05:16:54.492000,86444.0
126,20200923045344,23-09-2020 05:15:29.863000,23-09-2020 05:18:01.200000,151337.0
127,20200923045344,23-09-2020 05:15:28.052000,23-09-2020 05:16:52.198000,84146.0
128,20200923045345,23-09-2020 05:15:29.867000,23-09-2020 05:16:54.991000,85124.0
129,20200923045345,23-09-2020 05:15:28.056000,23-09-2020 05:19:17.994000,229938.0
130,20200923045346,23-09-2020 05:15:29.870000,23-09-2020 05:16:36.719000,66849.0
131,20200923045346,23-09-2020 05:15:28.060000,23-09-2020 05:19:03.808000,215748.0
132,20200923045347,23-09-2020 05:15:28.064000,23-09-2020 05:19:19.911000,231847.0
133,20200923045347,23-09-2020 05:15:29.874000,23-09-2020 05:17:18.911000,109037.0
134,20200923045348,23-09-2020 05:15:28.069000,23-09-2020 05:16:41.521000,73452.0
135,20200923045348,23-09-2020 05:15:29.877000,23-09-2020 05:18:02.517000,152640.0
136,20200923045349,23-09-2020 05:15:29.881000,23-09-2020 05:16:56.614000,86733.0
137,20200923045349,23-09-2020 05:15:28.073000,23-09-2020 05:19:20.799000,232726.0
138,20200923045351,23-09-2020 05:15:29.884000,23-09-2020 05:19:05.893000,216009.0
139,20200923045351,23-09-2020 05:15:28.077000,23-09-2020 05:16:55.608000,87531.0
140,20200923045352,23-09-2020 05:15:29.888000,23-09-2020 05:19:22.596000,232708.0
141,20200923045352,23-09-2020 05:15:28.082000,23-09-2020 05:17:20.606000,112524.0
142,20200923045353,23-09-2020 05:15:29.892000,23-09-2020 05:19:06.952000,217060.0
143,20200923045353,23-09-2020 05:15:28.087000,23-09-2020 05:16:43.005000,74918.0
144,20200923045354,23-09-2020 05:15:28.091000,23-09-2020 05:19:08.659000,220568.0
145,20200923045354,23-09-2020 05:15:29.895000,23-09-2020 05:16:43.494000,73599.0
146,20200923045355,23-09-2020 05:15:29.925000,23-09-2020 05:19:23.411000,233486.0
147,20200923045355,23-09-2020 05:15:28.095000,23-09-2020 05:16:58.507000,90412.0
148,20200923045356,23-09-2020 05:15:29.933000,23-09-2020 05:19:11.195000,221262.0
149,20200923045356,23-09-2020 05:15:28.148000,23-09-2020 05:16:59.309000,91161.0
150,20200923045357,23-09-2020 05:15:28.153000,23-09-2020 05:18:07.596000,159443.0
151,20200923045357,23-09-2020 05:15:29.938000,23-09-2020 05:17:00.196000,90258.0
152,20200923045358,23-09-2020 05:15:29.942000,23-09-2020 05:16:59.001000,89059.0
153,20200923045358,23-09-2020 05:15:28.159000,23-09-2020 05:18:15.312000,167153.0
154,20200923045359,23-09-2020 05:15:29.946000,23-09-2020 05:16:59.421000,89475.0
155,20200923045359,23-09-2020 05:15:28.170000,23-09-2020 05:18:16.017000,167847.0
156,20200923045400,23-09-2020 05:15:28.177000,23-09-2020 05:18:03.032000,154855.0
157,20200923045400,23-09-2020 05:15:29.951000,23-09-2020 05:16:37.321000,67370.0
158,20200923045401,23-09-2020 05:15:28.182000,23-09-2020 05:16:38.611000,70429.0
159,20200923045401,23-09-2020 05:15:29.955000,23-09-2020 05:19:07.981000,218026.0
160,20200923045402,23-09-2020 05:15:29.959000,23-09-2020 05:18:17.024000,167065.0
161,20200923045402,23-09-2020 05:15:28.189000,23-09-2020 05:17:26.225000,118036.0
162,20200923045403,23-09-2020 05:15:29.966000,23-09-2020 05:16:50.522000,80556.0
163,20200923045403,23-09-2020 05:15:28.193000,23-09-2020 05:18:04.907000,156714.0
164,20200923045404,23-09-2020 05:15:29.971000,23-09-2020 05:18:08.101000,158130.0
165,20200923045404,23-09-2020 05:15:28.199000,23-09-2020 05:17:01.819000,93620.0
166,20200923045405,23-09-2020 05:15:29.974000,23-09-2020 05:17:03.417000,93443.0
167,20200923045405,23-09-2020 05:15:28.203000,23-09-2020 05:18:09.194000,160991.0
168,20200923045406,23-09-2020 05:15:28.208000,23-09-2020 05:16:46.812000,78604.0
169,20200923045406,23-09-2020 05:15:29.978000,23-09-2020 05:19:17.120000,227142.0
170,20200923045407,23-09-2020 05:15:29.981000,23-09-2020 05:17:05.308000,95327.0
171,20200923045407,23-09-2020 05:15:28.212000,23-09-2020 05:18:10.332000,162120.0
172,20200923045408,23-09-2020 05:15:29.985000,23-09-2020 05:16:48.715000,78730.0
173,20200923045408,23-09-2020 05:15:28.217000,23-09-2020 05:19:19.095000,230878.0
174,20200923045410,23-09-2020 05:15:29.989000,23-09-2020 05:17:08.300000,98311.0
175,20200923045410,23-09-2020 05:15:28.221000,23-09-2020 05:18:12.922000,164701.0
176,20200923045411,23-09-2020 05:15:28.228000,23-09-2020 05:16:50.903000,82675.0
177,20200923045411,23-09-2020 05:15:30.013000,23-09-2020 05:19:21.698000,231685.0
178,20200923045412,23-09-2020 05:15:30.029000,23-09-2020 05:19:10.252000,220223.0
179,20200923045412,23-09-2020 05:15:28.233000,23-09-2020 05:16:51.319000,83086.0
180,20200923045413,23-09-2020 05:15:30.033000,23-09-2020 05:18:14.021000,163988.0
181,20200923045413,23-09-2020 05:15:28.238000,23-09-2020 05:17:11.504000,103266.0
182,20200923045414,23-09-2020 05:15:30.038000,23-09-2020 05:17:01.506000,91468.0
183,20200923045414,23-09-2020 05:15:28.242000,23-09-2020 05:18:18.727000,170485.0
184,20200923045415,23-09-2020 05:15:30.042000,23-09-2020 05:19:25.077000,235035.0
185,20200923045415,23-09-2020 05:15:28.246000,23-09-2020 05:16:52.412000,84166.0
186,20200923045416,23-09-2020 05:15:28.249000,23-09-2020 05:18:07.011000,158762.0
187,20200923045416,23-09-2020 05:15:30.048000,23-09-2020 05:16:40.602000,70554.0
188,20200923045417,23-09-2020 05:15:30.053000,23-09-2020 05:16:41.038000,70985.0
189,20200923045417,23-09-2020 05:15:28.253000,23-09-2020 05:19:14.016000,225763.0
190,20200923045418,23-09-2020 05:15:28.257000,23-09-2020 05:19:14.971000,226714.0
191,20200923045418,23-09-2020 05:15:30.057000,23-09-2020 05:16:54.635000,84578.0
192,20200923045419,23-09-2020 05:15:28.261000,23-09-2020 05:19:30.050000,241789.0
193,20200923045419,23-09-2020 05:15:30.060000,23-09-2020 05:17:27.919000,117859.0
194,20200923045420,23-09-2020 05:15:30.065000,23-09-2020 05:19:16.258000,226193.0
195,20200923045420,23-09-2020 05:15:28.265000,23-09-2020 05:16:56.496000,88231.0
196,20200923045421,23-09-2020 05:15:28.269000,23-09-2020 05:18:20.512000,172243.0
197,20200923045421,23-09-2020 05:15:30.069000,23-09-2020 05:17:29.502000,119433.0
198,20200923045422,23-09-2020 05:15:28.273000,23-09-2020 05:16:57.405000,89132.0
199,20200923045422,23-09-2020 05:15:30.073000,23-09-2020 05:18:10.815000,160742.0
200,20200923045423,23-09-2020 05:15:30.076000,23-09-2020 05:17:14.201000,104125.0
201,20200923045423,23-09-2020 05:15:28.278000,23-09-2020 05:18:16.503000,168225.0
202,20200923045424,23-09-2020 05:15:28.302000,23-09-2020 05:17:15.008000,106706.0
203,20200923045424,23-09-2020 05:15:30.080000,23-09-2020 05:19:27.452000,237372.0
204,20200923045425,23-09-2020 05:15:28.307000,23-09-2020 05:16:44.410000,76103.0
205,20200923045425,23-09-2020 05:15:30.084000,23-09-2020 05:18:11.408000,161324.0
206,20200923045426,23-09-2020 05:15:28.313000,23-09-2020 05:18:11.997000,163684.0
207,20200923045426,23-09-2020 05:15:30.087000,23-09-2020 05:17:00.933000,90846.0
208,20200923045427,23-09-2020 05:15:28.321000,23-09-2020 05:18:21.013000,172692.0
209,20200923045427,23-09-2020 05:15:30.091000,23-09-2020 05:17:03.492000,93401.0
210,20200923045428,23-09-2020 05:15:30.097000,23-09-2020 05:18:21.517000,171420.0
211,20200923045428,23-09-2020 05:15:28.325000,23-09-2020 05:17:32.005000,123680.0
212,20200923045430,23-09-2020 05:15:28.330000,23-09-2020 05:16:45.901000,77571.0
213,20200923045430,23-09-2020 05:15:30.112000,23-09-2020 05:18:13.419000,163307.0
214,20200923045431,23-09-2020 05:15:30.130000,23-09-2020 05:17:02.606000,92476.0
215,20200923045431,23-09-2020 05:15:28.334000,23-09-2020 05:18:14.693000,166359.0
216,20200923045432,23-09-2020 05:15:28.338000,23-09-2020 05:17:16.616000,108278.0
217,20200923045432,23-09-2020 05:15:30.137000,23-09-2020 05:18:17.516000,167379.0
218,20200923045433,23-09-2020 05:15:28.342000,23-09-2020 05:16:55.504000,87162.0
219,20200923045433,23-09-2020 05:15:30.143000,23-09-2020 05:19:29.159000,239016.0
220,20200923045434,23-09-2020 05:15:30.148000,23-09-2020 05:17:04.405000,94257.0
221,20200923045434,23-09-2020 05:15:28.347000,23-09-2020 05:19:24.252000,235905.0
222,20200923045435,23-09-2020 05:15:30.153000,23-09-2020 05:17:05.242000,95089.0
223,20200923045435,23-09-2020 05:15:28.351000,23-09-2020 05:19:35.622000,247271.0
224,20200923045436,23-09-2020 05:15:28.355000,23-09-2020 05:18:23.209000,174854.0
225,20200923045436,23-09-2020 05:15:30.157000,23-09-2020 05:17:34.511000,124354.0
226,20200923045437,23-09-2020 05:15:30.162000,23-09-2020 05:16:56.104000,85942.0
227,20200923045437,23-09-2020 05:15:28.359000,23-09-2020 05:19:30.913000,242554.0
228,20200923045438,23-09-2020 05:15:30.167000,23-09-2020 05:18:24.292000,174125.0
229,20200923045438,23-09-2020 05:15:28.363000,23-09-2020 05:17:06.832000,98469.0
230,20200923045439,23-09-2020 05:15:30.171000,23-09-2020 05:17:37.598000,127427.0
231,20200923045439,23-09-2020 05:15:28.367000,23-09-2020 05:19:38.784000,250417.0
232,20200923045440,23-09-2020 05:15:30.176000,23-09-2020 05:16:47.808000,77632.0
233,20200923045440,23-09-2020 05:15:28.371000,23-09-2020 05:19:25.851000,237480.0
234,20200923045441,23-09-2020 05:15:28.375000,23-09-2020 05:17:39.512000,131137.0
235,20200923045441,23-09-2020 05:15:30.180000,23-09-2020 05:19:40.215000,250035.0
236,20200923045442,23-09-2020 05:15:30.185000,23-09-2020 05:19:40.897000,250712.0
237,20200923045442,23-09-2020 05:15:28.379000,23-09-2020 05:17:09.297000,100918.0
238,20200923045443,23-09-2020 05:15:30.190000,23-09-2020 05:17:07.408000,97218.0
239,20200923045443,23-09-2020 05:15:28.383000,23-09-2020 05:19:26.513000,238130.0
240,20200923045444,23-09-2020 05:15:30.216000,23-09-2020 05:17:09.724000,99508.0
241,20200923045444,23-09-2020 05:15:28.387000,23-09-2020 05:19:42.323000,253936.0
242,20200923045445,23-09-2020 05:15:28.405000,23-09-2020 05:16:49.202000,80797.0
243,20200923045445,23-09-2020 05:15:30.233000,23-09-2020 05:19:28.360000,238127.0
244,20200923045446,23-09-2020 05:15:30.247000,23-09-2020 05:19:31.762000,241515.0
245,20200923045446,23-09-2020 05:15:28.409000,23-09-2020 05:16:57.097000,88688.0
246,20200923045447,23-09-2020 05:15:28.416000,23-09-2020 05:16:50.197000,81781.0
247,20200923045447,23-09-2020 05:15:30.251000,23-09-2020 05:18:19.322000,169071.0
248,20200923045449,23-09-2020 05:15:28.429000,23-09-2020 05:18:19.914000,171485.0
249,20200923045449,23-09-2020 05:15:30.258000,23-09-2020 05:16:51.405000,81147.0
250,20200923045450,23-09-2020 05:15:30.264000,23-09-2020 05:17:21.455000,111191.0
251,20200923045450,23-09-2020 05:15:28.447000,23-09-2020 05:19:33.659000,245212.0
252,20200923045451,23-09-2020 05:15:30.273000,23-09-2020 05:19:34.671000,244398.0
253,20200923045451,23-09-2020 05:15:28.452000,23-09-2020 05:17:22.100000,113648.0
254,20200923045452,23-09-2020 05:15:28.455000,23-09-2020 05:16:51.894000,83439.0
255,20200923045452,23-09-2020 05:15:30.281000,23-09-2020 05:19:32.676000,242395.0
256,20200923045453,23-09-2020 05:15:28.459000,23-09-2020 05:18:22.129000,173670.0
257,20200923045453,23-09-2020 05:15:30.286000,23-09-2020 05:17:13.298000,103012.0
258,20200923045454,23-09-2020 05:15:28.463000,23-09-2020 05:16:53.929000,85466.0
259,20200923045454,23-09-2020 05:15:30.292000,23-09-2020 05:18:22.705000,172413.0
260,20200923045455,23-09-2020 05:15:28.467000,23-09-2020 05:17:11.203000,102736.0
261,20200923045455,23-09-2020 05:15:30.297000,23-09-2020 05:18:28.009000,177712.0
262,20200923045456,23-09-2020 05:15:28.471000,23-09-2020 05:17:11.704000,103233.0
263,20200923045456,23-09-2020 05:15:30.303000,23-09-2020 05:19:44.635000,254332.0
264,20200923045457,23-09-2020 05:15:28.477000,23-09-2020 05:17:22.920000,114443.0
265,20200923045457,23-09-2020 05:15:30.314000,23-09-2020 05:18:23.724000,173410.0
266,20200923045458,23-09-2020 05:15:30.324000,23-09-2020 05:17:15.912000,105588.0
267,20200923045458,23-09-2020 05:15:28.481000,23-09-2020 05:19:36.407000,247926.0
268,20200923045459,23-09-2020 05:15:30.338000,23-09-2020 05:17:12.194000,101856.0
269,20200923045459,23-09-2020 05:15:28.485000,23-09-2020 05:19:45.310000,256825.0
270,20200923045500,23-09-2020 05:15:28.489000,23-09-2020 05:16:59.913000,91424.0
271,20200923045500,23-09-2020 05:15:30.343000,23-09-2020 05:19:37.935000,247592.0
272,20200923045501,23-09-2020 05:15:28.493000,23-09-2020 05:18:25.311000,176818.0
273,20200923045501,23-09-2020 05:15:30.347000,23-09-2020 05:17:00.418000,90071.0
274,20200923045502,23-09-2020 05:15:30.352000,23-09-2020 05:17:17.406000,107054.0
275,20200923045502,23-09-2020 05:15:28.502000,23-09-2020 05:19:37.220000,248718.0
276,20200923045503,23-09-2020 05:15:28.549000,23-09-2020 05:17:18.101000,109552.0
277,20200923045503,23-09-2020 05:15:30.356000,23-09-2020 05:18:24.793000,174437.0
278,20200923045504,23-09-2020 05:15:28.554000,23-09-2020 05:17:19.703000,111149.0
279,20200923045504,23-09-2020 05:15:30.361000,23-09-2020 05:18:25.811000,175450.0
280,20200923045505,23-09-2020 05:15:28.558000,23-09-2020 05:17:47.604000,139046.0
281,20200923045505,23-09-2020 05:15:30.365000,23-09-2020 05:19:46.051000,255686.0
282,20200923045506,23-09-2020 05:15:28.564000,23-09-2020 05:17:48.404000,139840.0
283,20200923045506,23-09-2020 05:15:30.370000,23-09-2020 05:18:31.592000,181222.0
284,20200923045507,23-09-2020 05:15:28.568000,23-09-2020 05:19:39.508000,250940.0
285,20200923045507,23-09-2020 05:15:30.374000,23-09-2020 05:17:01.005000,90631.0
286,20200923045509,23-09-2020 05:15:28.572000,23-09-2020 05:18:26.941000,178369.0
287,20200923045509,23-09-2020 05:15:30.378000,23-09-2020 05:16:57.603000,87225.0
288,20200923045510,23-09-2020 05:15:30.382000,23-09-2020 05:17:28.807000,118425.0
289,20200923045510,23-09-2020 05:15:28.576000,23-09-2020 05:18:26.339000,177763.0
290,20200923045511,23-09-2020 05:15:30.389000,23-09-2020 05:17:02.591000,92202.0
291,20200923045511,23-09-2020 05:15:28.580000,23-09-2020 05:19:41.674000,253094.0
292,20200923045512,23-09-2020 05:15:30.396000,23-09-2020 05:17:30.339000,119943.0
293,20200923045512,23-09-2020 05:15:28.584000,23-09-2020 05:18:28.502000,179918.0
294,20200923045513,23-09-2020 05:15:28.600000,23-09-2020 05:17:14.904000,106304.0
295,20200923045513,23-09-2020 05:15:30.410000,23-09-2020 05:19:50,259589.99999999997
296,20200923045514,23-09-2020 05:15:28.605000,23-09-2020 05:16:58.021000,89416.0
297,20200923045514,23-09-2020 05:15:30.428000,23-09-2020 05:19:43.107000,252679.0
298,20200923045515,23-09-2020 05:15:28.609000,23-09-2020 05:19:51.606000,262997.0
299,20200923045515,23-09-2020 05:15:30.436000,23-09-2020 05:17:50.819000,140383.0
300,20200923045531,23-09-2020 05:15:28.613000,23-09-2020 05:17:52.506000,143893.0
301,20200923045531,23-09-2020 05:15:30.385000,23-09-2020 05:19:48.078000,257692.99999999997
302,20200923045532,23-09-2020 05:15:30.393000,23-09-2020 05:19:49.329000,258935.99999999997
303,20200923045532,23-09-2020 05:15:28.617000,23-09-2020 05:17:53.256000,144639.0
304,20200923045533,23-09-2020 05:15:28.621000,23-09-2020 05:17:23.706000,115085.0
305,20200923045533,23-09-2020 05:15:30.402000,23-09-2020 05:18:27.495000,177093.0
306,20200923045534,23-09-2020 05:15:30.423000,23-09-2020 05:17:04.026000,93603.0
307,20200923045534,23-09-2020 05:15:28.625000,23-09-2020 05:19:44.021000,255396.0
308,20200923045535,23-09-2020 05:15:28.629000,23-09-2020 05:17:24.608000,115979.0
309,20200923045535,23-09-2020 05:15:30.432000,23-09-2020 05:18:29.014000,178582.0
310,20200923045536,23-09-2020 05:15:28.633000,23-09-2020 05:18:30.013000,181380.0
311,20200923045536,23-09-2020 05:15:30.442000,23-09-2020 05:17:25.321000,114879.0
312,20200923045538,23-09-2020 05:15:28.638000,23-09-2020 05:19:52.931000,264293.0
313,20200923045538,23-09-2020 05:15:30.448000,23-09-2020 05:17:18.512000,108064.0
314,20200923045539,23-09-2020 05:15:28.642000,23-09-2020 05:17:32.808000,124166.0
315,20200923045539,23-09-2020 05:15:30.453000,23-09-2020 05:18:29.508000,179055.0
316,20200923045540,23-09-2020 05:15:28.647000,23-09-2020 05:17:19.536000,110889.0
317,20200923045540,23-09-2020 05:15:30.458000,23-09-2020 05:19:53.596000,263138.0
318,20200923045541,23-09-2020 05:15:28.654000,23-09-2020 05:17:06.328000,97674.0
319,20200923045541,23-09-2020 05:15:30.463000,23-09-2020 05:19:46.721000,256257.99999999997
320,20200923045542,23-09-2020 05:15:28.659000,23-09-2020 05:18:38.205000,189546.0
321,20200923045542,23-09-2020 05:15:30.467000,23-09-2020 05:17:57.400000,146933.0
322,20200923045543,23-09-2020 05:15:30.473000,23-09-2020 05:17:35.518000,125045.0
323,20200923045543,23-09-2020 05:15:28.706000,23-09-2020 05:19:47.408000,258702.0
324,20200923045544,23-09-2020 05:15:28.710000,23-09-2020 05:18:30.553000,181843.0
325,20200923045544,23-09-2020 05:15:30.476000,23-09-2020 05:17:27.109000,116633.0
326,20200923045545,23-09-2020 05:15:30.481000,23-09-2020 05:17:20.927000,110446.0
327,20200923045545,23-09-2020 05:15:28.714000,23-09-2020 05:19:55.624000,266910.0
328,20200923045546,23-09-2020 05:15:30.485000,23-09-2020 05:18:31.017000,180532.0
329,20200923045546,23-09-2020 05:15:28.719000,23-09-2020 05:17:02.020000,93301.0
330,20200923045547,23-09-2020 05:15:28.725000,23-09-2020 05:17:03.004000,94279.0
331,20200923045547,23-09-2020 05:15:30.489000,23-09-2020 05:18:32.327000,181838.0
332,20200923045548,23-09-2020 05:15:28.731000,23-09-2020 05:19:48.722000,259991.0
333,20200923045548,23-09-2020 05:15:30.493000,23-09-2020 05:17:07.330000,96837.0
334,20200923045549,23-09-2020 05:15:30.496000,23-09-2020 05:18:32.901000,182405.0
335,20200923045549,23-09-2020 05:15:28.735000,23-09-2020 05:17:31.212000,122477.0
336,20200923045550,23-09-2020 05:15:28.740000,23-09-2020 05:19:51.013000,262273.0
337,20200923045550,23-09-2020 05:15:30.548000,23-09-2020 05:17:04.624000,94076.0
338,20200923045551,23-09-2020 05:15:28.744000,23-09-2020 05:17:38.597000,129853.00000000001
339,20200923045551,23-09-2020 05:15:30.554000,23-09-2020 05:18:33.422000,182868.0
340,20200923045552,23-09-2020 05:15:28.749000,23-09-2020 05:18:34.100000,185351.0
341,20200923045552,23-09-2020 05:15:30.558000,23-09-2020 05:17:08.831000,98273.0
342,20200923045553,23-09-2020 05:15:28.753000,23-09-2020 05:18:34.742000,185989.0
343,20200923045553,23-09-2020 05:15:30.561000,23-09-2020 05:17:42.319000,131758.0
344,20200923045554,23-09-2020 05:15:28.757000,23-09-2020 05:18:35.411000,186654.0
345,20200923045554,23-09-2020 05:15:30.565000,23-09-2020 05:17:33.504000,122939.0
346,20200923045555,23-09-2020 05:15:30.569000,23-09-2020 05:17:59.004000,148435.0
347,20200923045555,23-09-2020 05:15:28.761000,23-09-2020 05:18:39.814000,191053.0
348,20200923045557,23-09-2020 05:15:30.572000,23-09-2020 05:17:05.794000,95222.0
349,20200923045557,23-09-2020 05:15:28.765000,23-09-2020 05:18:36.114000,187349.0
350,20200923045558,23-09-2020 05:15:28.769000,23-09-2020 05:17:36.701000,127932.0
351,20200923045558,23-09-2020 05:15:30.576000,23-09-2020 05:18:36.824000,186248.0
352,20200923045559,23-09-2020 05:15:30.580000,23-09-2020 05:19:52.358000,261778.00000000003
353,20200923045559,23-09-2020 05:15:28.773000,23-09-2020 05:17:10.720000,101947.0
354,20200923045600,23-09-2020 05:15:30.584000,23-09-2020 05:17:07.817000,97233.0
355,20200923045600,23-09-2020 05:15:28.802000,23-09-2020 05:19:54.384000,265582.0
356,20200923045601,23-09-2020 05:15:28.809000,23-09-2020 05:18:37.514000,188705.0
357,20200923045601,23-09-2020 05:15:30.588000,23-09-2020 05:17:45.095000,134507.0
358,20200923045602,23-09-2020 05:15:30.592000,23-09-2020 05:19:57.786000,267194.0
359,20200923045602,23-09-2020 05:15:28.813000,23-09-2020 05:17:22.603000,113790.0
360,20200923045603,23-09-2020 05:15:28.817000,23-09-2020 05:17:08.315000,99498.0
361,20200923045603,23-09-2020 05:15:30.595000,23-09-2020 05:18:38.795000,188200.0
362,20200923045604,23-09-2020 05:15:28.824000,23-09-2020 05:19:55.083000,266259.0
363,20200923045604,23-09-2020 05:15:30.599000,23-09-2020 05:17:12.610000,102011.0
364,20200923045605,23-09-2020 05:15:28.828000,23-09-2020 05:17:23.019000,114191.0
365,20200923045605,23-09-2020 05:15:30.609000,23-09-2020 05:19:58.405000,267796.0
366,20200923045606,23-09-2020 05:15:28.832000,23-09-2020 05:17:40.506000,131674.0
367,20200923045606,23-09-2020 05:15:30.621000,23-09-2020 05:19:56.306000,265685.0
368,20200923045607,23-09-2020 05:15:28.840000,23-09-2020 05:17:41.423000,132583.0
369,20200923045607,23-09-2020 05:15:30.632000,23-09-2020 05:18:40.419000,189787.0
370,20200923045608,23-09-2020 05:15:28.844000,23-09-2020 05:18:41.509000,192665.0
371,20200923045608,23-09-2020 05:15:30.636000,23-09-2020 05:17:43.310000,132674.0
372,20200923045609,23-09-2020 05:15:28.850000,23-09-2020 05:19:59.742000,270892.0
373,20200923045609,23-09-2020 05:15:30.640000,23-09-2020 05:17:44.209000,133569.0
374,20200923045610,23-09-2020 05:15:28.854000,23-09-2020 05:17:13.119000,104265.0
375,20200923045610,23-09-2020 05:15:30.644000,23-09-2020 05:18:39.321000,188677.0
376,20200923045611,23-09-2020 05:15:28.858000,23-09-2020 05:18:03.315000,154457.0
377,20200923045611,23-09-2020 05:15:30.648000,23-09-2020 05:18:42.095000,191447.0
378,20200923045612,23-09-2020 05:15:28.865000,23-09-2020 05:20:00.510000,271645.0
379,20200923045612,23-09-2020 05:15:30.651000,23-09-2020 05:17:45.911000,135260.0
380,20200923045613,23-09-2020 05:15:30.655000,23-09-2020 05:17:46.811000,136156.0
381,20200923045613,23-09-2020 05:15:28.869000,23-09-2020 05:20:01.825000,272956.0
382,20200923045614,23-09-2020 05:15:28.873000,23-09-2020 05:17:14.297000,105424.0
383,20200923045614,23-09-2020 05:15:30.659000,23-09-2020 05:19:56.956000,266297.0
384,20200923045615,23-09-2020 05:15:30.664000,23-09-2020 05:17:13.621000,102957.0
385,20200923045615,23-09-2020 05:15:28.902000,23-09-2020 05:20:02.459000,273557.0
386,20200923045617,23-09-2020 05:15:30.669000,23-09-2020 05:20:03.874000,273205.0
387,20200923045617,23-09-2020 05:15:28.909000,23-09-2020 05:17:50.008000,141099.0
388,20200923045618,23-09-2020 05:15:28.915000,23-09-2020 05:17:49.208000,140293.0
389,20200923045618,23-09-2020 05:15:30.673000,23-09-2020 05:18:41.003000,190330.0
390,20200923045619,23-09-2020 05:15:30.677000,23-09-2020 05:17:16.007000,105330.0
391,20200923045619,23-09-2020 05:15:28.922000,23-09-2020 05:20:04.776000,275854.0
392,20200923045620,23-09-2020 05:15:30.681000,23-09-2020 05:18:47.095000,196414.0
393,20200923045620,23-09-2020 05:15:28.927000,23-09-2020 05:17:16.633000,107706.0
394,20200923045621,23-09-2020 05:15:30.685000,23-09-2020 05:17:15.421000,104736.0
395,20200923045621,23-09-2020 05:15:28.932000,23-09-2020 05:19:59.105000,270173.0
396,20200923045622,23-09-2020 05:15:28.936000,23-09-2020 05:18:04.203000,155267.0
397,20200923045622,23-09-2020 05:15:30.689000,23-09-2020 05:18:43.312000,192623.0
398,20200923045623,23-09-2020 05:15:30.693000,23-09-2020 05:17:51.708000,141015.0
399,20200923045623,23-09-2020 05:15:28.940000,23-09-2020 05:18:42.802000,193862.0
400,20200923045624,23-09-2020 05:15:30.697000,23-09-2020 05:17:25.337000,114640.0
401,20200923045624,23-09-2020 05:15:28.944000,23-09-2020 05:18:43.903000,194959.0
402,20200923045625,23-09-2020 05:15:30.712000,23-09-2020 05:20:07.761000,277049.0
403,20200923045625,23-09-2020 05:15:28.948000,23-09-2020 05:17:17.221000,108273.0
404,20200923045626,23-09-2020 05:15:28.952000,23-09-2020 05:18:45.012000,196060.0
405,20200923045626,23-09-2020 05:15:30.730000,23-09-2020 05:18:07.706000,156976.0
406,20200923045627,23-09-2020 05:15:28.956000,23-09-2020 05:20:01.109000,272153.0
407,20200923045627,23-09-2020 05:15:30.735000,23-09-2020 05:17:18.020000,107285.0
408,20200923045628,23-09-2020 05:15:30.740000,23-09-2020 05:17:54.136000,143396.0
409,20200923045628,23-09-2020 05:15:28.960000,23-09-2020 05:20:08.328000,279368.0
410,20200923045629,23-09-2020 05:15:28.964000,23-09-2020 05:18:44.514000,195550.0
411,20200923045629,23-09-2020 05:15:30.745000,23-09-2020 05:17:54.928000,144183.0
412,20200923045630,23-09-2020 05:15:30.750000,23-09-2020 05:17:55.808000,145058.0
413,20200923045630,23-09-2020 05:15:28.968000,23-09-2020 05:20:08.999000,280031.0
414,20200923045631,23-09-2020 05:15:30.754000,23-09-2020 05:20:03.199000,272445.0
415,20200923045631,23-09-2020 05:15:28.972000,23-09-2020 05:17:19.013000,110041.0
416,20200923045632,23-09-2020 05:15:30.759000,23-09-2020 05:18:50.295000,199536.0
417,20200923045632,23-09-2020 05:15:28.975000,23-09-2020 05:17:56.609000,147634.0
418,20200923045633,23-09-2020 05:15:28.979000,23-09-2020 05:17:20.441000,111462.0
419,20200923045633,23-09-2020 05:15:30.762000,23-09-2020 05:20:11.326000,280564.0
420,20200923045634,23-09-2020 05:15:28.983000,23-09-2020 05:17:21.471000,112488.0
421,20200923045634,23-09-2020 05:15:30.766000,23-09-2020 05:20:13.131000,282365.0
422,20200923045636,23-09-2020 05:15:30.770000,23-09-2020 05:18:45.514000,194744.0
423,20200923045636,23-09-2020 05:15:28.987000,23-09-2020 05:18:08.613000,159626.0
424,20200923045637,23-09-2020 05:15:28.990000,23-09-2020 05:18:10.117000,161127.0
425,20200923045637,23-09-2020 05:15:30.774000,23-09-2020 05:18:46.523000,195749.0
426,20200923045638,23-09-2020 05:15:29.004000,23-09-2020 05:18:46.020000,197016.0
427,20200923045638,23-09-2020 05:15:30.778000,23-09-2020 05:17:20.006000,109228.0
428,20200923045639,23-09-2020 05:15:29.009000,23-09-2020 05:17:58.227000,149218.0
429,20200923045639,23-09-2020 05:15:30.782000,23-09-2020 05:20:05.497000,274715.0
430,20200923045640,23-09-2020 05:15:30.786000,23-09-2020 05:18:00.806000,150020.0
431,20200923045640,23-09-2020 05:15:29.013000,23-09-2020 05:18:53.319000,204306.0
432,20200923045641,23-09-2020 05:15:29.021000,23-09-2020 05:20:06.233000,277212.0
433,20200923045641,23-09-2020 05:15:30.790000,23-09-2020 05:17:28.834000,118044.0
434,20200923045642,23-09-2020 05:15:30.794000,23-09-2020 05:17:59.911000,149117.0
435,20200923045642,23-09-2020 05:15:29.024000,23-09-2020 05:18:47.614000,198590.0
436,20200923045643,23-09-2020 05:15:29.028000,23-09-2020 05:20:06.960000,277932.0
437,20200923045643,23-09-2020 05:15:30.799000,23-09-2020 05:17:22.037000,111238.0
438,20200923045644,23-09-2020 05:15:29.032000,23-09-2020 05:18:02.511000,153479.0
439,20200923045644,23-09-2020 05:15:30.809000,23-09-2020 05:18:49.212000,198403.0
440,20200923045645,23-09-2020 05:15:30.824000,23-09-2020 05:17:24.026000,113202.0
441,20200923045645,23-09-2020 05:15:29.036000,23-09-2020 05:20:09.980000,280944.0
442,20200923045646,23-09-2020 05:15:29.040000,23-09-2020 05:18:12.617000,163577.0
443,20200923045646,23-09-2020 05:15:30.833000,23-09-2020 05:18:48.113000,197280.0
444,20200923045647,23-09-2020 05:15:29.046000,23-09-2020 05:18:51.115000,202069.0
445,20200923045647,23-09-2020 05:15:30.838000,23-09-2020 05:18:05.009000,154171.0
446,20200923045648,23-09-2020 05:15:30.843000,23-09-2020 05:18:48.623000,197780.0
447,20200923045648,23-09-2020 05:15:29.051000,23-09-2020 05:18:13.331000,164280.0
448,20200923045649,23-09-2020 05:15:30.847000,23-09-2020 05:20:12.125000,281278.0
449,20200923045649,23-09-2020 05:15:29.057000,23-09-2020 05:17:25.812000,116755.0
450,20200923045650,23-09-2020 05:15:30.851000,23-09-2020 05:18:06.908000,156057.0
451,20200923045650,23-09-2020 05:15:29.060000,23-09-2020 05:18:52.806000,203746.0
452,20200923045651,23-09-2020 05:15:30.859000,23-09-2020 05:18:49.727000,198868.0
453,20200923045651,23-09-2020 05:15:29.065000,23-09-2020 05:18:15.112000,166047.0
454,20200923045652,23-09-2020 05:15:30.863000,23-09-2020 05:20:15.714000,284851.0
455,20200923045652,23-09-2020 05:15:29.069000,23-09-2020 05:18:01.711000,152642.0
456,20200923045653,23-09-2020 05:15:29.073000,23-09-2020 05:17:26.901000,117828.0
457,20200923045653,23-09-2020 05:15:30.869000,23-09-2020 05:20:14.981000,284112.0
458,20200923045654,23-09-2020 05:15:30.873000,23-09-2020 05:20:10.717000,279844.0
459,20200923045654,23-09-2020 05:15:29.077000,23-09-2020 05:18:15.907000,166830.0
460,20200923045656,23-09-2020 05:15:30.877000,23-09-2020 05:20:16.471000,285594.0
461,20200923045656,23-09-2020 05:15:29.081000,23-09-2020 05:17:23.509000,114428.0
462,20200923045657,23-09-2020 05:15:30.880000,23-09-2020 05:17:27.817000,116937.0
463,20200923045657,23-09-2020 05:15:29.084000,23-09-2020 05:18:54.612000,205528.0
464,20200923045658,23-09-2020 05:15:29.088000,23-09-2020 05:20:18.014000,288926.0
465,20200923045658,23-09-2020 05:15:30.884000,23-09-2020 05:17:24.594000,113710.0
466,20200923045659,23-09-2020 05:15:29.092000,23-09-2020 05:20:17.372000,288280.0
467,20200923045659,23-09-2020 05:15:30.888000,23-09-2020 05:17:28.322000,117434.0
468,20200923045700,23-09-2020 05:15:29.096000,23-09-2020 05:17:32.418000,123322.0
469,20200923045700,23-09-2020 05:15:30.892000,23-09-2020 05:18:51.698000,200806.0
470,20200923045701,23-09-2020 05:15:30.896000,23-09-2020 05:18:56.396000,205500.0
471,20200923045701,23-09-2020 05:15:29.101000,23-09-2020 05:18:11.806000,162705.0
472,20200923045702,23-09-2020 05:15:30.913000,23-09-2020 05:20:19.595000,288682.0
473,20200923045702,23-09-2020 05:15:29.106000,23-09-2020 05:17:29.810000,120704.0
474,20200923045703,23-09-2020 05:15:29.110000,23-09-2020 05:20:18.886000,289776.0
475,20200923045703,23-09-2020 05:15:30.925000,23-09-2020 05:18:06.025000,155100.0
476,20200923045704,23-09-2020 05:15:30.933000,23-09-2020 05:17:26.309000,115376.0
477,20200923045704,23-09-2020 05:15:29.115000,23-09-2020 05:18:57.429000,208314.0
478,20200923045705,23-09-2020 05:15:29.121000,23-09-2020 05:18:52.217000,203096.0
479,20200923045705,23-09-2020 05:15:30.939000,23-09-2020 05:17:33.760000,122821.0
480,20200923045706,23-09-2020 05:15:30.945000,23-09-2020 05:20:13.977000,283032.0
481,20200923045706,23-09-2020 05:15:29.125000,23-09-2020 05:18:20.307000,171182.0
482,20200923045707,23-09-2020 05:15:29.130000,23-09-2020 05:20:20.836000,291706.0
483,20200923045707,23-09-2020 05:15:30.949000,23-09-2020 05:17:27.325000,116376.0
484,20200923045708,23-09-2020 05:15:30.953000,23-09-2020 05:18:58.330000,207377.0
485,20200923045708,23-09-2020 05:15:29.135000,23-09-2020 05:18:14.120000,164985.0
486,20200923045709,23-09-2020 05:15:29.139000,23-09-2020 05:18:54.015000,204876.0
487,20200923045709,23-09-2020 05:15:30.958000,23-09-2020 05:18:21.094000,170136.0
488,20200923045710,23-09-2020 05:15:29.143000,23-09-2020 05:18:59.311000,210168.0
489,20200923045710,23-09-2020 05:15:30.962000,23-09-2020 05:18:09.406000,158444.0
490,20200923045711,23-09-2020 05:15:29.146000,23-09-2020 05:18:55.215000,206069.0
491,20200923045711,23-09-2020 05:15:31.023000,23-09-2020 05:17:36.111000,125088.0
492,20200923045712,23-09-2020 05:15:29.150000,23-09-2020 05:18:10.906000,161756.0
493,20200923045712,23-09-2020 05:15:31.040000,23-09-2020 05:20:23.596000,292556.0
494,20200923045713,23-09-2020 05:15:31.050000,23-09-2020 05:17:31.816000,120766.0
495,20200923045713,23-09-2020 05:15:29.154000,23-09-2020 05:20:22.950000,293796.0
496,20200923045715,23-09-2020 05:15:29.158000,23-09-2020 05:17:29.319000,120161.0
497,20200923045715,23-09-2020 05:15:31.059000,23-09-2020 05:20:25.196000,294137.0
498,20200923045716,23-09-2020 05:15:29.162000,23-09-2020 05:19:03.361000,214199.0
499,20200923045716,23-09-2020 05:15:31.067000,23-09-2020 05:17:30.324000,119257.0
500,20200923045731,23-09-2020 05:15:31.035000,23-09-2020 05:20:21.499000,290464.0
501,20200923045731,23-09-2020 05:15:29.166000,23-09-2020 05:18:16.815000,167649.0
502,20200923045733,23-09-2020 05:15:31.046000,23-09-2020 05:17:33.119000,122073.0
503,20200923045733,23-09-2020 05:15:29.170000,23-09-2020 05:20:22.160000,292990.0
504,20200923045734,23-09-2020 05:15:29.174000,23-09-2020 05:17:30.822000,121648.0
505,20200923045734,23-09-2020 05:15:31.055000,23-09-2020 05:20:24.603000,293548.0
506,20200923045735,23-09-2020 05:15:29.177000,23-09-2020 05:19:01.208000,212031.0
507,20200923045735,23-09-2020 05:15:31.063000,23-09-2020 05:17:34.315000,123252.0
508,20200923045736,23-09-2020 05:15:29.184000,23-09-2020 05:20:27.158000,297974.0
509,20200923045736,23-09-2020 05:15:31.070000,23-09-2020 05:17:31.308000,120238.0
510,20200923045737,23-09-2020 05:15:29.188000,23-09-2020 05:19:06.570000,217382.0
511,20200923045737,23-09-2020 05:15:31.074000,23-09-2020 05:18:17.800000,166726.0
512,20200923045738,23-09-2020 05:15:29.194000,23-09-2020 05:18:55.822000,206628.0
513,20200923045738,23-09-2020 05:15:31.078000,23-09-2020 05:17:37.401000,126323.0
514,20200923045739,23-09-2020 05:15:29.204000,23-09-2020 05:18:56.911000,207707.0
515,20200923045739,23-09-2020 05:15:31.082000,23-09-2020 05:17:38.011000,126929.0
516,20200923045740,23-09-2020 05:15:29.225000,23-09-2020 05:18:18.522000,169297.0
517,20200923045740,23-09-2020 05:15:31.086000,23-09-2020 05:20:29.015000,297929.0
518,20200923045741,23-09-2020 05:15:29.238000,23-09-2020 05:17:39.017000,129779.0
519,20200923045741,23-09-2020 05:15:31.090000,23-09-2020 05:20:20.260000,289170.0
520,20200923045742,23-09-2020 05:15:31.093000,23-09-2020 05:17:35.499000,124406.0
521,20200923045742,23-09-2020 05:15:29.250000,23-09-2020 05:19:02.608000,213358.0
522,20200923045743,23-09-2020 05:15:29.254000,23-09-2020 05:20:26.461000,297207.0
523,20200923045743,23-09-2020 05:15:31.097000,23-09-2020 05:18:22.039000,170942.0
524,20200923045744,23-09-2020 05:15:31.107000,23-09-2020 05:18:58.798000,207691.0
525,20200923045744,23-09-2020 05:15:29.259000,23-09-2020 05:18:26.918000,177659.0
526,20200923045745,23-09-2020 05:15:29.263000,23-09-2020 05:19:05.876000,216613.0
527,20200923045745,23-09-2020 05:15:31.120000,23-09-2020 05:18:23.705000,172585.0
528,20200923045746,23-09-2020 05:15:29.267000,23-09-2020 05:18:19.413000,170146.0
529,20200923045746,23-09-2020 05:15:31.128000,23-09-2020 05:19:08.765000,217637.0
530,20200923045747,23-09-2020 05:15:29.271000,23-09-2020 05:17:34.897000,125626.0
531,20200923045747,23-09-2020 05:15:31.134000,23-09-2020 05:20:31.917000,300783.0
532,20200923045748,23-09-2020 05:15:29.276000,23-09-2020 05:19:07.198000,217922.0
533,20200923045748,23-09-2020 05:15:31.139000,23-09-2020 05:18:25.339000,174200.0
534,20200923045749,23-09-2020 05:15:29.280000,23-09-2020 05:18:22.724000,173444.0
535,20200923045749,23-09-2020 05:15:31.143000,23-09-2020 05:19:10.358000,219215.0
536,20200923045750,23-09-2020 05:15:31.150000,23-09-2020 05:18:28.804000,177654.0
537,20200923045750,23-09-2020 05:15:29.284000,23-09-2020 05:18:59.961000,210677.0
538,20200923045752,23-09-2020 05:15:29.288000,23-09-2020 05:17:38.502000,129214.0
539,20200923045752,23-09-2020 05:15:31.155000,23-09-2020 05:20:29.745000,298590.0
540,20200923045753,23-09-2020 05:15:29.292000,23-09-2020 05:20:35.335000,306043.0
541,20200923045753,23-09-2020 05:15:31.159000,23-09-2020 05:17:36.708000,125549.0
542,20200923045754,23-09-2020 05:15:29.296000,23-09-2020 05:19:12.464000,223168.0
543,20200923045754,23-09-2020 05:15:31.163000,23-09-2020 05:18:24.498000,173335.0
544,20200923045755,23-09-2020 05:15:31.167000,23-09-2020 05:18:26.104000,174937.0
545,20200923045755,23-09-2020 05:15:29.300000,23-09-2020 05:20:37.631000,308331.0
546,20200923045756,23-09-2020 05:15:31.170000,23-09-2020 05:17:39.494000,128324.00000000001
547,20200923045756,23-09-2020 05:15:29.310000,23-09-2020 05:19:09.305000,219995.0
548,20200923045757,23-09-2020 05:15:31.174000,23-09-2020 05:19:00.771000,209597.0
549,20200923045757,23-09-2020 05:15:29.317000,23-09-2020 05:17:40.902000,131585.0
550,20200923045758,23-09-2020 05:15:31.178000,23-09-2020 05:19:01.964000,210786.0
551,20200923045758,23-09-2020 05:15:29.323000,23-09-2020 05:18:31.308000,181985.0
552,20200923045759,23-09-2020 05:15:31.181000,23-09-2020 05:18:32.130000,180949.0
553,20200923045759,23-09-2020 05:15:29.336000,23-09-2020 05:20:25.863000,296527.0
554,20200923045800,23-09-2020 05:15:29.342000,23-09-2020 05:20:33.521000,304179.0
555,20200923045800,23-09-2020 05:15:31.185000,23-09-2020 05:17:39.916000,128731.0
556,20200923045801,23-09-2020 05:15:29.347000,23-09-2020 05:18:29.706000,180359.0
557,20200923045801,23-09-2020 05:15:31.197000,23-09-2020 05:20:34.537000,303340.0
558,20200923045802,23-09-2020 05:15:29.351000,23-09-2020 05:19:11.600000,222249.0
559,20200923045802,23-09-2020 05:15:31.208000,23-09-2020 05:17:41.450000,130241.99999999999
560,20200923045803,23-09-2020 05:15:31.236000,23-09-2020 05:19:14.476000,223240.0
561,20200923045803,23-09-2020 05:15:29.356000,23-09-2020 05:18:27.899000,178543.0
562,20200923045804,23-09-2020 05:15:31.244000,23-09-2020 05:19:04.467000,213223.0
563,20200923045804,23-09-2020 05:15:29.360000,23-09-2020 05:17:43.592000,134232.0
564,20200923045805,23-09-2020 05:15:31.248000,23-09-2020 05:17:40.420000,129172.0
565,20200923045805,23-09-2020 05:15:29.364000,23-09-2020 05:20:39.811000,310447.0
566,20200923045806,23-09-2020 05:15:29.368000,23-09-2020 05:19:17.126000,227758.0
567,20200923045806,23-09-2020 05:15:31.252000,23-09-2020 05:18:30.523000,179271.0
568,20200923045807,23-09-2020 05:15:29.371000,23-09-2020 05:20:41.728000,312357.0
569,20200923045807,23-09-2020 05:15:31.257000,23-09-2020 05:17:41.913000,130656.0
570,20200923045808,23-09-2020 05:15:31.261000,23-09-2020 05:20:27.823000,296562.0
571,20200923045808,23-09-2020 05:15:29.375000,23-09-2020 05:18:35.427000,186052.0
572,20200923045809,23-09-2020 05:15:29.378000,23-09-2020 05:19:20.221000,230843.0
573,20200923045809,23-09-2020 05:15:31.266000,23-09-2020 05:17:42.504000,131238.0
574,20200923045810,23-09-2020 05:15:29.382000,23-09-2020 05:18:33.605000,184223.0
575,20200923045810,23-09-2020 05:15:31.275000,23-09-2020 05:20:44.099000,312824.0
576,20200923045812,23-09-2020 05:15:29.403000,23-09-2020 05:20:28.417000,299014.0
577,20200923045812,23-09-2020 05:15:31.284000,23-09-2020 05:17:45.010000,133726.0
578,20200923045813,23-09-2020 05:15:29.408000,23-09-2020 05:19:07.997000,218589.0
579,20200923045813,23-09-2020 05:15:31.297000,23-09-2020 05:17:45.522000,134225.0
580,20200923045814,23-09-2020 05:15:31.304000,23-09-2020 05:18:32.815000,181511.0
581,20200923045814,23-09-2020 05:15:29.413000,23-09-2020 05:20:36.907000,307494.0
582,20200923045815,23-09-2020 05:15:31.350000,23-09-2020 05:17:46.506000,135156.0
583,20200923045815,23-09-2020 05:15:29.418000,23-09-2020 05:20:30.570000,301152.0
584,20200923045816,23-09-2020 05:15:29.422000,23-09-2020 05:17:44.018000,134596.0
585,20200923045816,23-09-2020 05:15:31.355000,23-09-2020 05:19:21.810000,230455.0
586,20200923045817,23-09-2020 05:15:31.360000,23-09-2020 05:17:44.511000,133151.0
587,20200923045817,23-09-2020 05:15:29.426000,23-09-2020 05:20:46.380000,316954.0
588,20200923045818,23-09-2020 05:15:29.430000,23-09-2020 05:17:43.104000,133674.0
589,20200923045818,23-09-2020 05:15:31.364000,23-09-2020 05:20:38.366000,307002.0
590,20200923045819,23-09-2020 05:15:29.435000,23-09-2020 05:18:34.601000,185166.0
591,20200923045819,23-09-2020 05:15:31.368000,23-09-2020 05:19:15.497000,224129.0
592,20200923045820,23-09-2020 05:15:29.439000,23-09-2020 05:20:40.413000,310974.0
593,20200923045820,23-09-2020 05:15:31.373000,23-09-2020 05:18:36.300000,184927.0
594,20200923045821,23-09-2020 05:15:31.410000,23-09-2020 05:19:09.884000,218474.0
595,20200923045821,23-09-2020 05:15:29.443000,23-09-2020 05:17:47.707000,138264.0
596,20200923045822,23-09-2020 05:15:29.448000,23-09-2020 05:19:10.987000,221539.0
597,20200923045822,23-09-2020 05:15:31.417000,23-09-2020 05:17:48.722000,137305.0
598,20200923045823,23-09-2020 05:15:31.423000,23-09-2020 05:17:49.224000,137801.0
599,20200923045823,23-09-2020 05:15:29.452000,23-09-2020 05:20:36.164000,306712.0
600,20200923045824,23-09-2020 05:15:29.458000,23-09-2020 05:18:38.013000,188555.0
601,20200923045824,23-09-2020 05:15:31.429000,23-09-2020 05:19:18.016000,226587.0
602,20200923045825,23-09-2020 05:15:31.434000,23-09-2020 05:19:23.509000,232075.0
603,20200923045825,23-09-2020 05:15:29.469000,23-09-2020 05:18:37.224000,187755.0
604,20200923045826,23-09-2020 05:15:31.438000,23-09-2020 05:18:38.813000,187375.0
605,20200923045826,23-09-2020 05:15:29.475000,23-09-2020 05:20:42.715000,313240.0
606,20200923045827,23-09-2020 05:15:31.443000,23-09-2020 05:19:20.713000,229270.0
607,20200923045827,23-09-2020 05:15:29.509000,23-09-2020 05:18:40.409000,190900.0
608,20200923045828,23-09-2020 05:15:29.520000,23-09-2020 05:17:46.010000,136490.0
609,20200923045828,23-09-2020 05:15:31.448000,23-09-2020 05:20:48.360000,316912.0
610,20200923045829,23-09-2020 05:15:31.452000,23-09-2020 05:20:44.724000,313272.0
611,20200923045829,23-09-2020 05:15:29.536000,23-09-2020 05:17:48.211000,138675.0
612,20200923045831,23-09-2020 05:15:31.456000,23-09-2020 05:18:43.848000,192392.0
613,20200923045831,23-09-2020 05:15:29.542000,23-09-2020 05:19:13.217000,223675.0
614,20200923045832,23-09-2020 05:15:31.460000,23-09-2020 05:18:39.599000,188139.0
615,20200923045832,23-09-2020 05:15:29.547000,23-09-2020 05:19:25.179000,235632.0
616,20200923045833,23-09-2020 05:15:31.464000,23-09-2020 05:19:22.430000,230966.0
617,20200923045833,23-09-2020 05:15:29.554000,23-09-2020 05:18:42.118000,192564.0
618,20200923045834,23-09-2020 05:15:31.470000,23-09-2020 05:20:50.334000,318864.0
619,20200923045834,23-09-2020 05:15:29.558000,23-09-2020 05:18:41.296000,191738.0
620,20200923045835,23-09-2020 05:15:29.562000,23-09-2020 05:18:43.002000,193440.0
621,20200923045835,23-09-2020 05:15:31.474000,23-09-2020 05:19:27.066000,235592.0
622,20200923045836,23-09-2020 05:15:29.567000,23-09-2020 05:19:13.760000,224193.0
623,20200923045836,23-09-2020 05:15:31.505000,23-09-2020 05:17:50.814000,139309.0
624,20200923045837,23-09-2020 05:15:31.519000,23-09-2020 05:17:51.828000,140309.0
625,20200923045837,23-09-2020 05:15:29.571000,23-09-2020 05:20:39.162000,309591.0
626,20200923045838,23-09-2020 05:15:31.529000,23-09-2020 05:17:52.522000,140993.0
627,20200923045838,23-09-2020 05:15:29.575000,23-09-2020 05:19:16.566000,226991.0
628,20200923045839,23-09-2020 05:15:29.578000,23-09-2020 05:20:47.008000,317430.0
629,20200923045839,23-09-2020 05:15:31.535000,23-09-2020 05:17:50.323000,138788.0
630,20200923045840,23-09-2020 05:15:31.539000,23-09-2020 05:17:49.728000,138189.0
631,20200923045840,23-09-2020 05:15:29.582000,23-09-2020 05:20:52.332000,322750.0
632,20200923045841,23-09-2020 05:15:29.586000,23-09-2020 05:20:41.119000,311533.0
633,20200923045841,23-09-2020 05:15:31.547000,23-09-2020 05:17:53.706000,142159.0
634,20200923045842,23-09-2020 05:15:31.551000,23-09-2020 05:20:47.610000,316059.0
635,20200923045842,23-09-2020 05:15:29.589000,23-09-2020 05:18:45.430000,195841.0
636,20200923045843,23-09-2020 05:15:29.593000,23-09-2020 05:18:49.614000,200021.0
637,20200923045843,23-09-2020 05:15:31.555000,23-09-2020 05:19:19.166000,227611.0
638,20200923045844,23-09-2020 05:15:31.559000,23-09-2020 05:17:51.308000,139749.0
639,20200923045844,23-09-2020 05:15:29.605000,23-09-2020 05:19:24.601000,234996.0
640,20200923045845,23-09-2020 05:15:29.623000,23-09-2020 05:18:44.613000,194990.0
641,20200923045845,23-09-2020 05:15:31.563000,23-09-2020 05:19:28.960000,237397.0
642,20200923045846,23-09-2020 05:15:29.637000,23-09-2020 05:20:43.416000,313779.0
643,20200923045846,23-09-2020 05:15:31.567000,23-09-2020 05:18:51.211000,199644.0
644,20200923045847,23-09-2020 05:15:31.571000,23-09-2020 05:18:46.332000,194761.0
645,20200923045847,23-09-2020 05:15:29.642000,23-09-2020 05:20:54.350000,324708.0
646,20200923045848,23-09-2020 05:15:31.576000,23-09-2020 05:19:21.308000,229732.0
647,20200923045848,23-09-2020 05:15:29.647000,23-09-2020 05:18:52.999000,203352.0
648,20200923045850,23-09-2020 05:15:31.580000,23-09-2020 05:20:45.675000,314095.0
649,20200923045850,23-09-2020 05:15:29.651000,23-09-2020 05:17:56.594000,146943.0
650,20200923045851,23-09-2020 05:15:29.656000,23-09-2020 05:18:47.108000,197452.0
651,20200923045851,23-09-2020 05:15:31.607000,23-09-2020 05:20:49.703000,318096.0
652,20200923045852,23-09-2020 05:15:29.660000,23-09-2020 05:18:55.620000,205960.0
653,20200923045852,23-09-2020 05:15:31.617000,23-09-2020 05:19:23.003000,231386.0
654,20200923045853,23-09-2020 05:15:29.665000,23-09-2020 05:20:51.026000,321361.0
655,20200923045853,23-09-2020 05:15:31.623000,23-09-2020 05:17:53.120000,141497.0
656,20200923045854,23-09-2020 05:15:29.669000,23-09-2020 05:19:27.679000,238010.0
657,20200923045854,23-09-2020 05:15:31.627000,23-09-2020 05:17:54.296000,142669.0
658,20200923045855,23-09-2020 05:15:29.675000,23-09-2020 05:19:31.003000,241328.0
659,20200923045855,23-09-2020 05:15:31.632000,23-09-2020 05:18:47.922000,196290.0
660,20200923045856,23-09-2020 05:15:31.636000,23-09-2020 05:20:53.003000,321367.0
661,20200923045856,23-09-2020 05:15:29.680000,23-09-2020 05:17:54.898000,145218.0
662,20200923045857,23-09-2020 05:15:31.640000,23-09-2020 05:20:53.609000,321969.0
663,20200923045857,23-09-2020 05:15:29.684000,23-09-2020 05:18:52.196000,202512.0
664,20200923045858,23-09-2020 05:15:29.688000,23-09-2020 05:17:58.243000,148555.0
665,20200923045858,23-09-2020 05:15:31.644000,23-09-2020 05:19:24.021000,232377.0
666,20200923045859,23-09-2020 05:15:29.692000,23-09-2020 05:18:48.712000,199020.0
667,20200923045859,23-09-2020 05:15:31.648000,23-09-2020 05:19:31.553000,239905.0
668,20200923045900,23-09-2020 05:15:31.653000,23-09-2020 05:17:57.120000,145467.0
669,20200923045900,23-09-2020 05:15:29.696000,23-09-2020 05:20:55.018000,325322.0
670,20200923045901,23-09-2020 05:15:31.657000,23-09-2020 05:19:32.258000,240601.0
671,20200923045901,23-09-2020 05:15:29.700000,23-09-2020 05:18:50.505000,200805.0
672,20200923045902,23-09-2020 05:15:31.661000,23-09-2020 05:20:57.309000,325648.0
673,20200923045902,23-09-2020 05:15:29.704000,23-09-2020 05:17:55.493000,145789.0
674,20200923045903,23-09-2020 05:15:29.716000,23-09-2020 05:20:49.069000,319353.0
675,20200923045903,23-09-2020 05:15:31.666000,23-09-2020 05:17:59.218000,147552.0
676,20200923045904,23-09-2020 05:15:31.669000,23-09-2020 05:19:25.891000,234222.0
677,20200923045904,23-09-2020 05:15:29.722000,23-09-2020 05:19:00.382000,210660.0
678,20200923045905,23-09-2020 05:15:31.673000,23-09-2020 05:19:33.579000,241906.0
679,20200923045905,23-09-2020 05:15:29.729000,23-09-2020 05:17:56.008000,146279.0
680,20200923045907,23-09-2020 05:15:31.720000,23-09-2020 05:18:00.693000,148973.0
681,20200923045907,23-09-2020 05:15:29.736000,23-09-2020 05:19:26.411000,236675.0
682,20200923045908,23-09-2020 05:15:31.724000,23-09-2020 05:18:53.814000,202090.0
683,20200923045908,23-09-2020 05:15:29.741000,23-09-2020 05:20:58.015000,328274.0
684,20200923045909,23-09-2020 05:15:29.745000,23-09-2020 05:20:55.839000,326094.0
685,20200923045909,23-09-2020 05:15:31.729000,23-09-2020 05:17:57.708000,145979.0
686,20200923045910,23-09-2020 05:15:31.733000,23-09-2020 05:20:51.708000,319975.0
687,20200923045910,23-09-2020 05:15:29.750000,23-09-2020 05:18:01.740000,151990.0
688,20200923045911,23-09-2020 05:15:29.753000,23-09-2020 05:19:05.014000,215261.0
689,20200923045911,23-09-2020 05:15:31.737000,23-09-2020 05:19:28.463000,236726.0
690,20200923045912,23-09-2020 05:15:29.757000,23-09-2020 05:18:54.695000,204938.0
691,20200923045912,23-09-2020 05:15:31.742000,23-09-2020 05:19:34.288000,242546.0
692,20200923045913,23-09-2020 05:15:31.746000,23-09-2020 05:19:29.659000,237913.0
693,20200923045913,23-09-2020 05:15:29.760000,23-09-2020 05:18:03.620000,153860.0
694,20200923045914,23-09-2020 05:15:29.764000,23-09-2020 05:19:30.471000,240707.0
695,20200923045914,23-09-2020 05:15:31.752000,23-09-2020 05:18:04.218000,152466.0
696,20200923045915,23-09-2020 05:15:29.767000,23-09-2020 05:17:58.707000,148940.0
697,20200923045915,23-09-2020 05:15:31.758000,23-09-2020 05:20:58.867000,327109.0
698,20200923045916,23-09-2020 05:15:29.771000,23-09-2020 05:18:56.513000,206742.0
699,20200923045916,23-09-2020 05:15:31.762000,23-09-2020 05:20:56.538000,324776.0
